<?xml version="1.0" encoding="UTF-8"?>
<beans xmlns="http://www.springframework.org/schema/beans"
	xmlns:xsi="http://www.w3.org/2001/XMLSchema-instance" xmlns:jee="http://www.springframework.org/schema/jee"
	xmlns:tx="http://www.springframework.org/schema/tx" xmlns:aop="http://www.springframework.org/schema/aop"
	xmlns:task="http://www.springframework.org/schema/task" xmlns:context="http://www.springframework.org/schema/context"
	xmlns:cache="http://www.springframework.org/schema/cache"
	xsi:schemaLocation="http://www.springframework.org/schema/beans 
		                   http://www.springframework.org/schema/beans/spring-beans-4.0.xsd 
		                   http://www.springframework.org/schema/tx 
		                   http://www.springframework.org/schema/tx/spring-tx-4.0.xsd 
		                   http://www.springframework.org/schema/jee 
		                   http://www.springframework.org/schema/jee/spring-jee-4.0.xsd 
		                   http://www.springframework.org/schema/aop 
		                   http://www.springframework.org/schema/aop/spring-aop-4.0.xsd
		                   http://www.springframework.org/schema/task
		                   http://www.springframework.org/schema/task/spring-task-4.0.xsd
		                   http://www.springframework.org/schema/context 
		                   http://www.springframework.org/schema/context/spring-context-4.0.xsd
		                   http://www.springframework.org/schema/cache
		                   http://www.springframework.org/schema/cache/spring-cache-4.2.xsd">
		                   
	<!-- 开启aop，对类代理 -->
	<aop:config proxy-target-class="true"></aop:config>
	<!-- 开启shiro注解支持 -->
	<bean class="org.apache.shiro.spring.security.interceptor.AuthorizationAttributeSourceAdvisor">
		<property name="securityManager" ref="securityManager" />
	</bean>

	<!-- Shiro 的Web过滤器 -->
	 <bean id="shiroFilter" class="org.apache.shiro.spring.web.ShiroFilterFactoryBean">	 	
		<property name="securityManager" ref="securityManager" /> 	 	
		<!-- loginUrl认证提交地址，如果没有认证将会请求此地址进行认证，请求此地址将由formAuthenticationFilter进行表单认证 -->
		<property name="loginUrl" value="/login.htm" />
<!-- 		<property name="unauthorizedUrl" value="/refuse.jsp" /> -->
		<property name="filters">
			<map>
				<!-- FormAuthenticationFilter是基于表单认证的过虑器 -->
				<entry key="slogin" value-ref="shiroLoginFilter" />
				<entry key="authc" value-ref="formAuthenticationFilter" />				
				<!--退出过滤器-->
                <entry key="logout" value-ref="systemLogoutFilter" />
			</map>
		</property>
		<!-- 过虑器链定义，从上向下顺序执行，一般将/**放在最下边 -->
		 <property name="filterChainDefinitions">
			<value>
				<!-- 退出拦截，请求logout.action执行退出操作 -->
				/logout.htm = logout
				/logout.json = anon
                <!-- 对静态资源设置匿名访问 -->
				/login.html =anon
				/jump.htm =anon
				/viewHouseInfo.htm =anon
				/userAgreement.htm =anon
				/aboutHz.htm =anon
				/viewBannerOne.htm =anon
				/viewBannerTwo.htm =anon
				/insertSmsCode.json=anon
				/updateRetrievePassword.json=anon
				/exportHongRuanAuthInfo.json=anon
				/exportKuangshiAuthInfo.json=anon
				/exportDeviceFirmware.json=anon
				/exportHongRuanInfoAuthRec.json=anon
				/loginAuth.json=anon
				/exportAuthOperateLogRec.json=anon
				/exportWBAuthTemplFile.json=anon
				/importWBAuthFile.json=anon
				/downloadWBAuthTemplFile.json=anon
				/exportWBAuthFile.json=anon
				/exportBaojiangScreenAuthRec.json=anon
				<!-- user表示身份认证通过或通过记住我认证通过的可以访问 -->
				/** = slogin,authc
			</value>
		</property>
	</bean>
		
	<bean id="shiroLoginFilter" class="com.etv.manage.realm.ShiroLoginFilter">
	</bean>
	
	<bean id="systemLogoutFilter" class="com.etv.manage.realm.SystemLogoutFilter">
	</bean>

	<!-- 安全管理器 -->
	<bean id="securityManager" class="org.apache.shiro.web.mgt.DefaultWebSecurityManager">
		<property name="realm" ref="SecurityRealm" />	
		<property name="sessionManager" ref="sessionManager" />	
		<property name="cacheManager" ref="cacheManager"/>
		<!-- 记住我 -->
		<property name="rememberMeManager" ref="rememberMeManager"/>
	</bean>
	<!-- rememberMeManager管理器 -->
	<bean id="rememberMeManager" class="org.apache.shiro.web.mgt.CookieRememberMeManager">
		<property name="cookie" ref="rememberMeCookie" />
	</bean>
	
	<!-- 自定义 realm -->
	<bean id="SecurityRealm" class="com.etv.manage.realm.SecurityRealm">
		<property name="credentialsMatcher" ref="credentialsMatcher" />	
	</bean> 
	<!-- 凭证匹配器 -->
	<bean id="credentialsMatcher"
		class="org.apache.shiro.authc.credential.HashedCredentialsMatcher">
		<property name="hashAlgorithmName" value="md5" />
		<property name="hashIterations" value="1" />
	</bean>
	<!-- 缓存管理器 -->
	<bean id="cacheManager" class="org.apache.shiro.cache.ehcache.EhCacheManager">
    	<property name="cacheManagerConfigFile" value="classpath:shiro-ehcache.xml"/>
    </bean>
    <!-- 会话管理器 -->
    <bean id="sessionManager" class="com.etv.manage.realm.MySessionManager">
        <!-- session的失效时长，单位毫秒 -->
        <property name="globalSessionTimeout" value="86400000"/><!-- 86400000 -->
        <!-- 删除失效的session -->
        <property name="deleteInvalidSessions" value="true"/>
        <!-- 扫描session线程,负责清理超时会话 -->
        <property name="sessionValidationSchedulerEnabled" value="true"/>
        
<!--         <property name="sessionValidationScheduler" ref="sessionValidationScheduler"/> -->
<!--         <property name="sessionDAO" ref="sessionDAO"/> -->
        <property name="sessionIdCookieEnabled" value="true"/>  
        <property name="sessionIdCookie" ref="sessionIdCookie"/>
    </bean>
  	<!-- 基于Form表单的身份验证过滤器，不配置将也会注册此过虑器，表单中的用户账号、密码及loginurl将采用默认值，建议配置 -->
	<bean id="formAuthenticationFilter" class="com.etv.manage.realm.MyFormAuthenticationFilter">
		<!-- 表单中账号的input名称 -->
		<property name="usernameParam" value="username" />
		<!-- 表单中密码的input名称 -->
		<property name="passwordParam" value="password" />
		<property name="rememberMeParam" value="rememberMe"/>
 	</bean>
 	
 	
    <bean id="sessionIdCookie" class="org.apache.shiro.web.servlet.SimpleCookie">
        <constructor-arg name="name" value="meta.session.id"/>
        <property name="httpOnly" value="true"/>  
    	<property name="maxAge" value="-1"/> 
    </bean>
    
    <bean id="rememberMeCookie" class="org.apache.shiro.web.servlet.SimpleCookie">  
	    <constructor-arg value="rememberMe"/>  
	    <property name="httpOnly" value="true"/>  
	    <property name="maxAge" value="2592000"/><!-- 30天 -->  
	</bean>  
</beans>