<?xml version="1.0" encoding="UTF-8" ?>
<!DOCTYPE mapper PUBLIC "-//mybatis.org//DTD Mapper 3.0//EN" "http://mybatis.org/dtd/mybatis-3-mapper.dtd" >
<mapper namespace="com.etv.manage.dao.SmsMacMapper" >
  <resultMap id="BaseResultMap" type="com.etv.manage.model.SmsMac" >
    <id column="id" property="id" jdbcType="BIGINT" />
    <result column="macs" property="macs" jdbcType="VARCHAR" />
    <result column="company_name" property="companyName" jdbcType="VARCHAR" />
    <result column="ip" property="ip" jdbcType="VARCHAR" />
    <result column="bak_field1" property="bakField1" jdbcType="VARCHAR" />
    <result column="create_time" property="createTime" jdbcType="TIMESTAMP" />
  </resultMap>
  <sql id="Base_Column_List" >
    id, macs, company_name, ip, bak_field1, create_time
  </sql>
  <select id="selectByPrimaryKey" resultMap="BaseResultMap" parameterType="java.lang.Long" >
    select 
    <include refid="Base_Column_List" />
    from etv_sms_mac
    where id = #{id,jdbcType=BIGINT}
  </select>
  <delete id="deleteByPrimaryKey" parameterType="java.lang.Long" >
    delete from etv_sms_mac
    where id = #{id,jdbcType=BIGINT}
  </delete>
  <insert id="insert" parameterType="com.etv.manage.model.SmsMac" >
    insert into etv_sms_mac (id, macs, company_name, 
      ip, bak_field1, create_time
      )
    values (#{id,jdbcType=BIGINT}, #{macs,jdbcType=VARCHAR}, #{companyName,jdbcType=VARCHAR}, 
      #{ip,jdbcType=VARCHAR}, #{bakField1,jdbcType=VARCHAR}, #{createTime,jdbcType=TIMESTAMP}
      )
  </insert>
  <insert id="insertSelective" parameterType="com.etv.manage.model.SmsMac" >
    insert into etv_sms_mac
    <trim prefix="(" suffix=")" suffixOverrides="," >
      <if test="id != null" >
        id,
      </if>
      <if test="macs != null" >
        macs,
      </if>
      <if test="companyName != null" >
        company_name,
      </if>
      <if test="ip != null" >
        ip,
      </if>
      <if test="bakField1 != null" >
        bak_field1,
      </if>
      <if test="createTime != null" >
        create_time,
      </if>
    </trim>
    <trim prefix="values (" suffix=")" suffixOverrides="," >
      <if test="id != null" >
        #{id,jdbcType=BIGINT},
      </if>
      <if test="macs != null" >
        #{macs,jdbcType=VARCHAR},
      </if>
      <if test="companyName != null" >
        #{companyName,jdbcType=VARCHAR},
      </if>
      <if test="ip != null" >
        #{ip,jdbcType=VARCHAR},
      </if>
      <if test="bakField1 != null" >
        #{bakField1,jdbcType=VARCHAR},
      </if>
      <if test="createTime != null" >
        #{createTime,jdbcType=TIMESTAMP},
      </if>
    </trim>
  </insert>
  <update id="updateByPrimaryKeySelective" parameterType="com.etv.manage.model.SmsMac" >
    update etv_sms_mac
    <set >
      <if test="macs != null" >
        macs = #{macs,jdbcType=VARCHAR},
      </if>
      <if test="companyName != null" >
        company_name = #{companyName,jdbcType=VARCHAR},
      </if>
      <if test="ip != null" >
        ip = #{ip,jdbcType=VARCHAR},
      </if>
      <if test="bakField1 != null" >
        bak_field1 = #{bakField1,jdbcType=VARCHAR},
      </if>
      <if test="createTime != null" >
        create_time = #{createTime,jdbcType=TIMESTAMP},
      </if>
    </set>
    where id = #{id,jdbcType=BIGINT}
  </update>
  <update id="updateByPrimaryKey" parameterType="com.etv.manage.model.SmsMac" >
    update etv_sms_mac
    set macs = #{macs,jdbcType=VARCHAR},
      company_name = #{companyName,jdbcType=VARCHAR},
      ip = #{ip,jdbcType=VARCHAR},
      bak_field1 = #{bakField1,jdbcType=VARCHAR},
      create_time = #{createTime,jdbcType=TIMESTAMP}
    where id = #{id,jdbcType=BIGINT}
  </update>
  
  <!--自定义sql  -->
  
  <select id="selectSmsMacByMac" parameterType="String" resultMap="BaseResultMap">
  select 
  id, macs, company_name, ip, bak_field1, create_time
  from etv_sms_mac
  where macs like CONCAT(CONCAT('%', ltrim(rtrim(#{machineNo,jdbcType=VARCHAR}))),'%')
  </select>
  
  
</mapper>